barcode	dataset_id	total_reads	n_pas	dropped_at	drop_reason	cluster	cell_uid
CGGTTAAAAAAA	dsA	747	42			0	dsA:CGGTTAAAAAAA
GGGTTAAAAAAA	dsA	771	90			0	dsA:GGGTTAAAAAAA
TGGTTAAAAAAA	dsA	707	79			0	dsA:TGGTTAAAAAAA
ATGTTAAAAAAA	dsA	486	83			0	dsA:ATGTTAAAAAAA
CTGTTAAAAAAA	dsA	380	75			0	dsA:CTGTTAAAAAAA
GTGTTAAAAAAA	dsA	852	105			0	dsA:GTGTTAAAAAAA
TTGTTAAAAAAA	dsA	478	49			0	dsA:TTGTTAAAAAAA
AATTTAAAAAAA	dsA	671	55			0	dsA:AATTTAAAAAAA
CATTTAAAAAAA	dsA	738	37			0	dsA:CATTTAAAAAAA
GATTTAAAAAAA	dsA	401	24			0	dsA:GATTTAAAAAAA
TATTTAAAAAAA	dsA	581	38			0	dsA:TATTTAAAAAAA
ACTTTAAAAAAA	dsA	479	100			0	dsA:ACTTTAAAAAAA
CCTTTAAAAAAA	dsA	788	93			0	dsA:CCTTTAAAAAAA
GCTTTAAAAAAA	dsA	655	29			0	dsA:GCTTTAAAAAAA
TCTTTAAAAAAA	dsA	748	73			0	dsA:TCTTTAAAAAAA
AGTTTAAAAAAA	dsB	845	62			0	dsB:AGTTTAAAAAAA
CGTTTAAAAAAA	dsB	403	72			0	dsB:CGTTTAAAAAAA
GGTTTAAAAAAA	dsB	573	78			0	dsB:GGTTTAAAAAAA
TGTTTAAAAAAA	dsB	525	46			0	dsB:TGTTTAAAAAAA
ATTTTAAAAAAA	dsB	375	104			0	dsB:ATTTTAAAAAAA
CTTTTAAAAAAA	dsB	753	60			0	dsB:CTTTTAAAAAAA
GTTTTAAAAAAA	dsB	440	75			0	dsB:GTTTTAAAAAAA
TTTTTAAAAAAA	dsB	547	75			0	dsB:TTTTTAAAAAAA
AAAAACAAAAAA	dsB	354	36			0	dsB:AAAAACAAAAAA
CAAAACAAAAAA	dsB	740	25			0	dsB:CAAAACAAAAAA
GAAAACAAAAAA	dsB	706	56			0	dsB:GAAAACAAAAAA
TAAAACAAAAAA	dsB	301	87			0	dsB:TAAAACAAAAAA
ACAAACAAAAAA	dsB	719	91			0	dsB:ACAAACAAAAAA
CCAAACAAAAAA	dsB	837	84			0	dsB:CCAAACAAAAAA
GCAAACAAAAAA	dsB	804	29			0	dsB:GCAAACAAAAAA
TCAAACAAAAAA	dsA	851	100			1	dsA:TCAAACAAAAAA
AGAAACAAAAAA	dsA	716	90			1	dsA:AGAAACAAAAAA
CGAAACAAAAAA	dsA	744	97			1	dsA:CGAAACAAAAAA
GGAAACAAAAAA	dsA	833	66			1	dsA:GGAAACAAAAAA
TGAAACAAAAAA	dsA	789	100			1	dsA:TGAAACAAAAAA
ATAAACAAAAAA	dsA	478	24			1	dsA:ATAAACAAAAAA
CTAAACAAAAAA	dsA	402	22			1	dsA:CTAAACAAAAAA
GTAAACAAAAAA	dsA	560	21			1	dsA:GTAAACAAAAAA
TTAAACAAAAAA	dsA	455	42			1	dsA:TTAAACAAAAAA
AACAACAAAAAA	dsA	724	41			1	dsA:AACAACAAAAAA
CACAACAAAAAA	dsA	869	36			1	dsA:CACAACAAAAAA
GACAACAAAAAA	dsA	883	69			1	dsA:GACAACAAAAAA
TACAACAAAAAA	dsA	446	23			1	dsA:TACAACAAAAAA
ACCAACAAAAAA	dsA	483	71			1	dsA:ACCAACAAAAAA
CCCAACAAAAAA	dsA	365	34			1	dsA:CCCAACAAAAAA
GCCAACAAAAAA	dsB	368	79			1	dsB:GCCAACAAAAAA
TCCAACAAAAAA	dsB	352	21			1	dsB:TCCAACAAAAAA
AGCAACAAAAAA	dsB	573	47			1	dsB:AGCAACAAAAAA
CGCAACAAAAAA	dsB	642	102			1	dsB:CGCAACAAAAAA
GGCAACAAAAAA	dsB	814	67			1	dsB:GGCAACAAAAAA
TGCAACAAAAAA	dsB	685	91			1	dsB:TGCAACAAAAAA
ATCAACAAAAAA	dsB	562	77			1	dsB:ATCAACAAAAAA
CTCAACAAAAAA	dsB	429	73			1	dsB:CTCAACAAAAAA
GTCAACAAAAAA	dsB	442	36			1	dsB:GTCAACAAAAAA
TTCAACAAAAAA	dsB	756	70			1	dsB:TTCAACAAAAAA
AAGAACAAAAAA	dsB	526	23			1	dsB:AAGAACAAAAAA
CAGAACAAAAAA	dsB	442	90			1	dsB:CAGAACAAAAAA
GAGAACAAAAAA	dsB	580	104			1	dsB:GAGAACAAAAAA
TAGAACAAAAAA	dsB	840	95			1	dsB:TAGAACAAAAAA
ACGAACAAAAAA	dsB	309	24			1	dsB:ACGAACAAAAAA
CCGAACAAAAAA	dsA	647	49			2	dsA:CCGAACAAAAAA
GCGAACAAAAAA	dsA	805	47			2	dsA:GCGAACAAAAAA
TCGAACAAAAAA	dsA	391	29			2	dsA:TCGAACAAAAAA
AGGAACAAAAAA	dsA	480	75			2	dsA:AGGAACAAAAAA
CGGAACAAAAAA	dsA	375	90			2	dsA:CGGAACAAAAAA
GGGAACAAAAAA	dsA	481	47			2	dsA:GGGAACAAAAAA
TGGAACAAAAAA	dsA	697	95			2	dsA:TGGAACAAAAAA
ATGAACAAAAAA	dsA	561	90			2	dsA:ATGAACAAAAAA
CTGAACAAAAAA	dsA	482	31			2	dsA:CTGAACAAAAAA
GTGAACAAAAAA	dsA	797	87			2	dsA:GTGAACAAAAAA
TTGAACAAAAAA	dsA	750	97			2	dsA:TTGAACAAAAAA
AATAACAAAAAA	dsA	598	37			2	dsA:AATAACAAAAAA
CATAACAAAAAA	dsA	651	70			2	dsA:CATAACAAAAAA
GATAACAAAAAA	dsA	531	76			2	dsA:GATAACAAAAAA
TATAACAAAAAA	dsA	457	73			2	dsA:TATAACAAAAAA
ACTAACAAAAAA	dsB	776	28			2	dsB:ACTAACAAAAAA
CCTAACAAAAAA	dsB	572	78			2	dsB:CCTAACAAAAAA
GCTAACAAAAAA	dsB	330	75			2	dsB:GCTAACAAAAAA
TCTAACAAAAAA	dsB	847	92			2	dsB:TCTAACAAAAAA
AGTAACAAAAAA	dsB	711	90			2	dsB:AGTAACAAAAAA
CGTAACAAAAAA	dsB	517	48			2	dsB:CGTAACAAAAAA
GGTAACAAAAAA	dsB	350	83			2	dsB:GGTAACAAAAAA
TGTAACAAAAAA	dsB	488	96			2	dsB:TGTAACAAAAAA
ATTAACAAAAAA	dsB	579	98			2	dsB:ATTAACAAAAAA
CTTAACAAAAAA	dsB	382	34			2	dsB:CTTAACAAAAAA
GTTAACAAAAAA	dsB	508	22			2	dsB:GTTAACAAAAAA
TTTAACAAAAAA	dsB	595	77			2	dsB:TTTAACAAAAAA
AAACACAAAAAA	dsB	696	38			2	dsB:AAACACAAAAAA
CAACACAAAAAA	dsB	398	69			2	dsB:CAACACAAAAAA
GAACACAAAAAA	dsB	679	103			2	dsB:GAACACAAAAAA
TAACACAAAAAA	dsA	837	53			3	dsA:TAACACAAAAAA
ACACACAAAAAA	dsA	397	42			3	dsA:ACACACAAAAAA
CCACACAAAAAA	dsA	828	60			3	dsA:CCACACAAAAAA
GCACACAAAAAA	dsA	895	77			3	dsA:GCACACAAAAAA
TCACACAAAAAA	dsA	657	28			3	dsA:TCACACAAAAAA
AGACACAAAAAA	dsA	654	53			3	dsA:AGACACAAAAAA
CGACACAAAAAA	dsA	806	31			3	dsA:CGACACAAAAAA
GGACACAAAAAA	dsA	415	78			3	dsA:GGACACAAAAAA
TGACACAAAAAA	dsA	708	93			3	dsA:TGACACAAAAAA
ATACACAAAAAA	dsA	614	53			3	dsA:ATACACAAAAAA
CTACACAAAAAA	dsA	483	52			3	dsA:CTACACAAAAAA
GTACACAAAAAA	dsA	697	67			3	dsA:GTACACAAAAAA
TTACACAAAAAA	dsA	477	38			3	dsA:TTACACAAAAAA
AACCACAAAAAA	dsA	726	41			3	dsA:AACCACAAAAAA
CACCACAAAAAA	dsA	425	49			3	dsA:CACCACAAAAAA
GACCACAAAAAA	dsB	812	60			3	dsB:GACCACAAAAAA
TACCACAAAAAA	dsB	656	27			3	dsB:TACCACAAAAAA
ACCCACAAAAAA	dsB	506	86			3	dsB:ACCCACAAAAAA
CCCCACAAAAAA	dsB	763	70			3	dsB:CCCCACAAAAAA
GCCCACAAAAAA	dsB	825	46			3	dsB:GCCCACAAAAAA
TCCCACAAAAAA	dsB	398	26			3	dsB:TCCCACAAAAAA
AGCCACAAAAAA	dsB	419	87			3	dsB:AGCCACAAAAAA
CGCCACAAAAAA	dsB	842	31			3	dsB:CGCCACAAAAAA
GGCCACAAAAAA	dsB	601	31			3	dsB:GGCCACAAAAAA
TGCCACAAAAAA	dsB	806	31			3	dsB:TGCCACAAAAAA
ATCCACAAAAAA	dsB	684	27			3	dsB:ATCCACAAAAAA
CTCCACAAAAAA	dsB	742	99			3	dsB:CTCCACAAAAAA
GTCCACAAAAAA	dsB	738	43			3	dsB:GTCCACAAAAAA
TTCCACAAAAAA	dsB	805	46			3	dsB:TTCCACAAAAAA
AAGCACAAAAAA	dsB	752	93			3	dsB:AAGCACAAAAAA
CAGCACAAAAAA	dsA	591	74			4	dsA:CAGCACAAAAAA
GAGCACAAAAAA	dsA	813	36			4	dsA:GAGCACAAAAAA
TAGCACAAAAAA	dsA	311	58			4	dsA:TAGCACAAAAAA
ACGCACAAAAAA	dsA	408	97			4	dsA:ACGCACAAAAAA
CCGCACAAAAAA	dsA	820	53			4	dsA:CCGCACAAAAAA
GCGCACAAAAAA	dsA	485	82			4	dsA:GCGCACAAAAAA
TCGCACAAAAAA	dsA	571	28			4	dsA:TCGCACAAAAAA
AGGCACAAAAAA	dsA	697	84			4	dsA:AGGCACAAAAAA
CGGCACAAAAAA	dsA	342	88			4	dsA:CGGCACAAAAAA
GGGCACAAAAAA	dsA	620	92			4	dsA:GGGCACAAAAAA
TGGCACAAAAAA	dsA	810	79			4	dsA:TGGCACAAAAAA
ATGCACAAAAAA	dsA	500	52			4	dsA:ATGCACAAAAAA
CTGCACAAAAAA	dsA	734	25			4	dsA:CTGCACAAAAAA
GTGCACAAAAAA	dsA	438	65			4	dsA:GTGCACAAAAAA
TTGCACAAAAAA	dsA	865	86			4	dsA:TTGCACAAAAAA
AATCACAAAAAA	dsB	789	36			4	dsB:AATCACAAAAAA
CATCACAAAAAA	dsB	468	43			4	dsB:CATCACAAAAAA
GATCACAAAAAA	dsB	749	67			4	dsB:GATCACAAAAAA
TATCACAAAAAA	dsB	426	85			4	dsB:TATCACAAAAAA
ACTCACAAAAAA	dsB	682	98			4	dsB:ACTCACAAAAAA
CCTCACAAAAAA	dsB	635	31			4	dsB:CCTCACAAAAAA
GCTCACAAAAAA	dsB	833	36			4	dsB:GCTCACAAAAAA
TCTCACAAAAAA	dsB	332	90			4	dsB:TCTCACAAAAAA
AGTCACAAAAAA	dsB	570	76			4	dsB:AGTCACAAAAAA
CGTCACAAAAAA	dsB	377	83			4	dsB:CGTCACAAAAAA
GGTCACAAAAAA	dsB	543	107			4	dsB:GGTCACAAAAAA
TGTCACAAAAAA	dsB	681	102			4	dsB:TGTCACAAAAAA
ATTCACAAAAAA	dsB	775	94			4	dsB:ATTCACAAAAAA
CTTCACAAAAAA	dsB	352	88			4	dsB:CTTCACAAAAAA
GTTCACAAAAAA	dsB	661	54			4	dsB:GTTCACAAAAAA
TTTCACAAAAAA	dsA	487	76			5	dsA:TTTCACAAAAAA
AAAGACAAAAAA	dsA	418	36			5	dsA:AAAGACAAAAAA
CAAGACAAAAAA	dsA	824	86			5	dsA:CAAGACAAAAAA
GAAGACAAAAAA	dsA	654	86			5	dsA:GAAGACAAAAAA
TAAGACAAAAAA	dsA	493	83			5	dsA:TAAGACAAAAAA
ACAGACAAAAAA	dsA	423	59			5	dsA:ACAGACAAAAAA
CCAGACAAAAAA	dsA	388	53			5	dsA:CCAGACAAAAAA
GCAGACAAAAAA	dsA	504	56			5	dsA:GCAGACAAAAAA
TCAGACAAAAAA	dsA	585	22			5	dsA:TCAGACAAAAAA
AGAGACAAAAAA	dsA	505	94			5	dsA:AGAGACAAAAAA
CGAGACAAAAAA	dsA	559	67			5	dsA:CGAGACAAAAAA
GGAGACAAAAAA	dsA	361	54			5	dsA:GGAGACAAAAAA
TGAGACAAAAAA	dsA	881	68			5	dsA:TGAGACAAAAAA
ATAGACAAAAAA	dsA	312	83			5	dsA:ATAGACAAAAAA
CTAGACAAAAAA	dsA	761	53			5	dsA:CTAGACAAAAAA
GTAGACAAAAAA	dsB	319	93			5	dsB:GTAGACAAAAAA
TTAGACAAAAAA	dsB	451	100			5	dsB:TTAGACAAAAAA
AACGACAAAAAA	dsB	518	54			5	dsB:AACGACAAAAAA
CACGACAAAAAA	dsB	776	32			5	dsB:CACGACAAAAAA
GACGACAAAAAA	dsB	317	86			5	dsB:GACGACAAAAAA
TACGACAAAAAA	dsB	855	107			5	dsB:TACGACAAAAAA
ACCGACAAAAAA	dsB	377	33			5	dsB:ACCGACAAAAAA
CCCGACAAAAAA	dsB	503	82			5	dsB:CCCGACAAAAAA
GCCGACAAAAAA	dsB	847	92			5	dsB:GCCGACAAAAAA
TCCGACAAAAAA	dsB	524	101			5	dsB:TCCGACAAAAAA
AGCGACAAAAAA	dsB	453	30			5	dsB:AGCGACAAAAAA
CGCGACAAAAAA	dsB	560	28			5	dsB:CGCGACAAAAAA
GGCGACAAAAAA	dsB	707	106			5	dsB:GGCGACAAAAAA
TGCGACAAAAAA	dsB	364	30			5	dsB:TGCGACAAAAAA
ATCGACAAAAAA	dsB	407	35			5	dsB:ATCGACAAAAAA
